Model,Group,Model Number,GlobalLDDT
T1214TS494_1,TS494,1,0.9866
T1214TS274_1,TS274,1,0.9866
T1214TS039_3,TS039,3,0.9685
T1214TS039_2,TS039,2,0.9676
T1214TS039_1,TS039,1,0.9666
T1214TS274_5,TS274,5,0.9638
T1214TS494_5,TS494,5,0.9638
T1214TS274_4,TS274,4,0.9608
T1214TS494_4,TS494,4,0.9608
T1214TS274_3,TS274,3,0.9585
T1214TS494_3,TS494,3,0.9585
T1214TS274_2,TS274,2,0.9576
T1214TS494_2,TS494,2,0.9576
T1214TS040_5,TS040,5,0.9447
T1214TS040_3,TS040,3,0.9426
T1214TS091_1,TS091,1,0.9409
T1214TS040_2,TS040,2,0.9385
T1214TS040_1,TS040,1,0.9374
T1214TS091_3,TS091,3,0.9358
T1214TS091_5,TS091,5,0.9358
T1214TS091_4,TS091,4,0.9358
T1214TS198_1,TS198,1,0.9309
T1214TS017_1,TS017,1,0.9300
T1214TS145_1,TS145,1,0.9300
T1214TS110_5,TS110,5,0.9287
T1214TS147_3,TS147,3,0.9282
T1214TS462_3,TS462,3,0.9282
T1214TS204_3,TS204,3,0.9272
T1214TS204_5,TS204,5,0.9266
T1214TS040_4,TS040,4,0.9235
T1214TS375_4,TS375,4,0.9212
T1214TS148_2,TS148,2,0.9182
T1214TS319_4,TS319,4,0.9163
T1214TS425_4,TS425,4,0.9147
T1214TS388_1,TS388,1,0.9109
T1214TS139_6,TS139,6,0.9103
T1214TS059_6,TS059,6,0.9103
T1214TS388_2,TS388,2,0.9103
T1214TS204_1,TS204,1,0.9076
T1214TS198_4,TS198,4,0.9064
T1214TS145_5,TS145,5,0.9059
T1214TS017_3,TS017,3,0.9059
T1214TS204_2,TS204,2,0.8991
T1214TS055_2,TS055,2,0.8970
T1214TS055_1,TS055,1,0.8970
T1214TS204_4,TS204,4,0.8963
T1214TS462_6,TS462,6,0.8903
T1214TS221_4,TS221,4,0.8785
T1214TS419_4,TS419,4,0.8785
T1214TS269_1,TS269,1,0.8781
T1214TS221_1,TS221,1,0.8778
T1214TS419_1,TS419,1,0.8778
T1214TS419_3,TS419,3,0.8774
T1214TS221_3,TS221,3,0.8774
T1214TS015_1,TS015,1,0.8772
T1214TS269_3,TS269,3,0.8770
T1214TS221_5,TS221,5,0.8769
T1214TS419_5,TS419,5,0.8769
T1214TS419_2,TS419,2,0.8767
T1214TS221_2,TS221,2,0.8767
T1214TS269_2,TS269,2,0.8767
T1214TS269_4,TS269,4,0.8765
T1214TS269_5,TS269,5,0.8737
T1214TS059_3,TS059,3,0.8734
T1214TS059_2,TS059,2,0.8704
T1214TS059_5,TS059,5,0.8702
T1214TS059_1,TS059,1,0.8692
T1214TS286_4,TS286,4,0.8664
T1214TS286_1,TS286,1,0.8657
T1214TS286_2,TS286,2,0.8656
T1214TS059_4,TS059,4,0.8655
T1214TS286_3,TS286,3,0.8654
T1214TS286_5,TS286,5,0.8653
T1214TS456_4,TS456,4,0.8641
T1214TS456_2,TS456,2,0.8620
T1214TS052_2,TS052,2,0.8618
T1214TS052_5,TS052,5,0.8613
T1214TS052_4,TS052,4,0.8609
T1214TS022_2,TS022,2,0.8601
T1214TS456_3,TS456,3,0.8594
T1214TS022_1,TS022,1,0.8591
T1214TS052_1,TS052,1,0.8589
T1214TS456_5,TS456,5,0.8589
T1214TS456_1,TS456,1,0.8588
T1214TS052_3,TS052,3,0.8587
T1214TS262_2,TS262,2,0.8585
T1214TS262_1,TS262,1,0.8585
T1214TS262_3,TS262,3,0.8575
T1214TS262_5,TS262,5,0.8531
T1214TS262_4,TS262,4,0.8522
T1214TS022_3,TS022,3,0.8515
T1214TS019_1,TS019,1,0.8464
T1214TS020_3,TS020,3,0.8462
T1214TS022_5,TS022,5,0.8452
T1214TS110_2,TS110,2,0.8440
T1214TS462_1,TS462,1,0.8410
T1214TS147_1,TS147,1,0.8410
T1214TS110_1,TS110,1,0.8402
T1214TS022_4,TS022,4,0.8394
T1214TS235_2,TS235,2,0.8332
T1214TS267_3,TS267,3,0.8317
T1214TS393_2,TS393,2,0.8284
T1214TS287_4,TS287,4,0.8284
T1214TS314_4,TS314,4,0.8284
T1214TS264_6,TS264,6,0.8284
T1214TS312_4,TS312,4,0.8284
T1214TS235_5,TS235,5,0.8283
T1214TS304_1,TS304,1,0.8281
T1214TS241_1,TS241,1,0.8281
T1214TS393_4,TS393,4,0.8281
T1214TS314_5,TS314,5,0.8281
T1214TS312_5,TS312,5,0.8281
T1214TS208_1,TS208,1,0.8280
T1214TS015_6,TS015,6,0.8278
T1214TS272_3,TS272,3,0.8276
T1214TS272_2,TS272,2,0.8276
T1214TS272_5,TS272,5,0.8276
T1214TS272_4,TS272,4,0.8276
T1214TS272_1,TS272,1,0.8276
T1214TS465_1,TS465,1,0.8274
T1214TS312_3,TS312,3,0.8272
T1214TS314_3,TS314,3,0.8272
T1214TS464_3,TS464,3,0.8271
T1214TS464_2,TS464,2,0.8271
T1214TS464_5,TS464,5,0.8271
T1214TS464_4,TS464,4,0.8271
T1214TS464_1,TS464,1,0.8271
T1214TS122_5,TS122,5,0.8265
T1214TS287_5,TS287,5,0.8263
T1214TS375_2,TS375,2,0.8262
T1214TS208_5,TS208,5,0.8261
T1214TS264_5,TS264,5,0.8257
T1214TS312_2,TS312,2,0.8257
T1214TS393_6,TS393,6,0.8257
T1214TS314_2,TS314,2,0.8257
T1214TS314_1,TS314,1,0.8256
T1214TS312_1,TS312,1,0.8256
T1214TS264_1,TS264,1,0.8256
T1214TS393_1,TS393,1,0.8256
T1214TS148_5,TS148,5,0.8256
T1214TS207_2,TS207,2,0.8255
T1214TS207_3,TS207,3,0.8255
T1214TS207_1,TS207,1,0.8255
T1214TS122_4,TS122,4,0.8253
T1214TS102_2,TS102,2,0.8247
T1214TS102_3,TS102,3,0.8247
T1214TS102_4,TS102,4,0.8247
T1214TS102_5,TS102,5,0.8247
T1214TS241_4,TS241,4,0.8247
T1214TS304_4,TS304,4,0.8247
T1214TS102_1,TS102,1,0.8247
T1214TS301_4,TS301,4,0.8245
T1214TS304_3,TS304,3,0.8245
T1214TS241_3,TS241,3,0.8245
T1214TS167_2,TS167,2,0.8243
T1214TS450_5,TS450,5,0.8243
T1214TS208_2,TS208,2,0.8242
T1214TS241_2,TS241,2,0.8236
T1214TS304_2,TS304,2,0.8236
T1214TS267_4,TS267,4,0.8233
T1214TS345_6,TS345,6,0.8232
T1214TS345_2,TS345,2,0.8232
T1214TS400_1,TS400,1,0.8231
T1214TS301_3,TS301,3,0.8231
T1214TS304_5,TS304,5,0.8230
T1214TS241_5,TS241,5,0.8230
T1214TS235_1,TS235,1,0.8229
T1214TS267_1,TS267,1,0.8228
T1214TS196_4,TS196,4,0.8226
T1214TS163_4,TS163,4,0.8226
T1214TS164_4,TS164,4,0.8226
T1214TS267_2,TS267,2,0.8223
T1214TS287_3,TS287,3,0.8222
T1214TS311_5,TS311,5,0.8220
T1214TS287_2,TS287,2,0.8220
T1214TS425_1,TS425,1,0.8220
T1214TS267_5,TS267,5,0.8218
T1214TS301_1,TS301,1,0.8218
T1214TS369_1,TS369,1,0.8216
T1214TS208_3,TS208,3,0.8216
T1214TS319_1,TS319,1,0.8215
T1214TS198_2,TS198,2,0.8213
T1214TS051_6,TS051,6,0.8213
T1214TS145_3,TS145,3,0.8211
T1214TS287_1,TS287,1,0.8211
T1214TS017_2,TS017,2,0.8211
T1214TS301_2,TS301,2,0.8209
T1214TS311_3,TS311,3,0.8209
T1214TS369_2,TS369,2,0.8207
T1214TS196_1,TS196,1,0.8202
T1214TS208_4,TS208,4,0.8202
T1214TS298_5,TS298,5,0.8197
T1214TS386_5,TS386,5,0.8197
T1214TS345_1,TS345,1,0.8196
T1214TS301_5,TS301,5,0.8195
T1214TS110_4,TS110,4,0.8190
T1214TS264_2,TS264,2,0.8190
T1214TS139_2,TS139,2,0.8190
T1214TS345_5,TS345,5,0.8188
T1214TS227_5,TS227,5,0.8187
T1214TS227_4,TS227,4,0.8187
T1214TS227_1,TS227,1,0.8187
T1214TS345_4,TS345,4,0.8186
T1214TS293_2,TS293,2,0.8185
T1214TS079_1,TS079,1,0.8185
T1214TS145_2,TS145,2,0.8184
T1214TS017_4,TS017,4,0.8184
T1214TS386_1,TS386,1,0.8183
T1214TS298_1,TS298,1,0.8183
T1214TS198_3,TS198,3,0.8183
T1214TS386_2,TS386,2,0.8183
T1214TS298_2,TS298,2,0.8183
T1214TS386_4,TS386,4,0.8182
T1214TS298_4,TS298,4,0.8182
T1214TS298_3,TS298,3,0.8181
T1214TS386_3,TS386,3,0.8181
T1214TS235_3,TS235,3,0.8180
T1214TS196_5,TS196,5,0.8179
T1214TS311_2,TS311,2,0.8179
T1214TS163_3,TS163,3,0.8178
T1214TS164_3,TS164,3,0.8178
T1214TS196_2,TS196,2,0.8175
T1214TS164_1,TS164,1,0.8170
T1214TS163_1,TS163,1,0.8170
T1214TS225_1,TS225,1,0.8170
T1214TS311_4,TS311,4,0.8168
T1214TS163_5,TS163,5,0.8165
T1214TS164_5,TS164,5,0.8165
T1214TS145_4,TS145,4,0.8161
T1214TS017_5,TS017,5,0.8161
T1214TS163_2,TS163,2,0.8158
T1214TS164_2,TS164,2,0.8158
T1214TS475_5,TS475,5,0.8158
T1214TS079_5,TS079,5,0.8155
T1214TS122_1,TS122,1,0.8154
T1214TS196_3,TS196,3,0.8153
T1214TS079_2,TS079,2,0.8145
T1214TS293_1,TS293,1,0.8145
T1214TS015_4,TS015,4,0.8143
T1214TS393_5,TS393,5,0.8139
T1214TS264_3,TS264,3,0.8139
T1214TS014_3,TS014,3,0.8131
T1214TS294_2,TS294,2,0.8128
T1214TS014_2,TS014,2,0.8127
T1214TS079_4,TS079,4,0.8122
T1214TS293_5,TS293,5,0.8122
T1214TS425_3,TS425,3,0.8122
T1214TS139_5,TS139,5,0.8113
T1214TS293_3,TS293,3,0.8111
T1214TS079_3,TS079,3,0.8111
T1214TS198_5,TS198,5,0.8108
T1214TS139_1,TS139,1,0.8105
T1214TS139_4,TS139,4,0.8096
T1214TS408_3,TS408,3,0.8090
T1214TS408_2,TS408,2,0.8087
T1214TS091_2,TS091,2,0.8082
T1214TS423_4,TS423,4,0.8075
T1214TS293_4,TS293,4,0.8065
T1214TS227_3,TS227,3,0.8063
T1214TS227_2,TS227,2,0.8063
T1214TS423_3,TS423,3,0.8060
T1214TS423_5,TS423,5,0.8054
T1214TS369_5,TS369,5,0.8050
T1214TS015_5,TS015,5,0.8047
T1214TS369_4,TS369,4,0.8044
T1214TS375_3,TS375,3,0.8042
T1214TS475_3,TS475,3,0.8041
T1214TS423_1,TS423,1,0.8040
T1214TS319_3,TS319,3,0.8038
T1214TS425_2,TS425,2,0.8038
T1214TS051_5,TS051,5,0.8032
T1214TS331_5,TS331,5,0.8032
T1214TS331_1,TS331,1,0.8031
T1214TS051_1,TS051,1,0.8031
T1214TS019_5,TS019,5,0.8027
T1214TS388_4,TS388,4,0.8022
T1214TS331_4,TS331,4,0.8015
T1214TS051_4,TS051,4,0.8015
T1214TS475_4,TS475,4,0.8013
T1214TS375_1,TS375,1,0.8011
T1214TS475_1,TS475,1,0.8011
T1214TS462_4,TS462,4,0.8009
T1214TS051_2,TS051,2,0.8009
T1214TS331_2,TS331,2,0.8009
T1214TS319_2,TS319,2,0.8009
T1214TS147_4,TS147,4,0.8009
T1214TS423_2,TS423,2,0.8008
T1214TS019_4,TS019,4,0.8007
T1214TS284_1,TS284,1,0.8006
T1214TS075_1,TS075,1,0.8006
T1214TS388_3,TS388,3,0.8001
T1214TS075_3,TS075,3,0.8000
T1214TS122_2,TS122,2,0.8000
T1214TS284_3,TS284,3,0.8000
T1214TS462_5,TS462,5,0.7997
T1214TS147_5,TS147,5,0.7997
T1214TS110_3,TS110,3,0.7996
T1214TS075_5,TS075,5,0.7995
T1214TS284_5,TS284,5,0.7995
T1214TS388_5,TS388,5,0.7989
T1214TS147_2,TS147,2,0.7985
T1214TS462_2,TS462,2,0.7985
T1214TS019_2,TS019,2,0.7985
T1214TS369_3,TS369,3,0.7980
T1214TS331_3,TS331,3,0.7978
T1214TS051_3,TS051,3,0.7978
T1214TS345_3,TS345,3,0.7978
T1214TS311_1,TS311,1,0.7970
T1214TS075_2,TS075,2,0.7969
T1214TS019_3,TS019,3,0.7969
T1214TS284_2,TS284,2,0.7969
T1214TS015_2,TS015,2,0.7962
T1214TS075_4,TS075,4,0.7954
T1214TS284_4,TS284,4,0.7954
T1214TS475_2,TS475,2,0.7953
T1214TS465_4,TS465,4,0.7953
T1214TS014_5,TS014,5,0.7946
T1214TS014_4,TS014,4,0.7945
T1214TS014_1,TS014,1,0.7945
T1214TS014_6,TS014,6,0.7943
T1214TS465_5,TS465,5,0.7932
T1214TS465_2,TS465,2,0.7926
T1214TS055_3,TS055,3,0.7906
T1214TS055_5,TS055,5,0.7906
T1214TS055_4,TS055,4,0.7906
T1214TS408_1,TS408,1,0.7894
T1214TS015_3,TS015,3,0.7862
T1214TS465_3,TS465,3,0.7858
T1214TS235_4,TS235,4,0.7781
T1214TS202_5,TS202,5,0.7672
T1214TS020_4,TS020,4,0.7605
T1214TS139_3,TS139,3,0.7546
T1214TS461_3,TS461,3,0.7349
T1214TS202_2,TS202,2,0.7323
T1214TS202_4,TS202,4,0.7286
T1214TS461_5,TS461,5,0.7266
T1214TS461_2,TS461,2,0.7249
T1214TS120_6,TS120,6,0.7245
T1214TS294_3,TS294,3,0.7204
T1214TS202_3,TS202,3,0.7180
T1214TS425_5,TS425,5,0.7173
T1214TS319_5,TS319,5,0.7173
T1214TS408_4,TS408,4,0.7161
T1214TS202_1,TS202,1,0.7118
T1214TS294_1,TS294,1,0.7116
T1214TS375_5,TS375,5,0.7115
T1214TS461_4,TS461,4,0.7102
T1214TS408_5,TS408,5,0.7095
T1214TS122_3,TS122,3,0.7001
T1214TS294_5,TS294,5,0.6983
T1214TS020_1,TS020,1,0.6923
T1214TS020_5,TS020,5,0.6921
T1214TS294_4,TS294,4,0.6892
T1214TS020_2,TS020,2,0.6865
T1214TS275_1,TS275,1,0.6766
T1214TS361_1,TS361,1,0.6440
T1214TS120_1,TS120,1,0.6440
T1214TS264_4,TS264,4,0.6413
T1214TS393_3,TS393,3,0.6413
T1214TS148_1,TS148,1,0.6413
T1214TS361_2,TS361,2,0.6311
T1214TS361_4,TS361,4,0.6301
T1214TS361_5,TS361,5,0.6285
T1214TS361_3,TS361,3,0.6264
T1214TS148_4,TS148,4,0.6143
T1214TS148_3,TS148,3,0.6040
T1214TS132_1,TS132,1,0.5033
T1214TS461_1,TS461,1,0.5031
T1214TS207_5,TS207,5,0.4324
T1214TS207_4,TS207,4,0.4246
T1214TS167_5,TS167,5,0.3915
T1214TS167_1,TS167,1,0.3566
T1214TS167_3,TS167,3,0.3547
T1214TS450_3,TS450,3,0.3508
T1214TS450_1,TS450,1,0.3482
T1214TS450_4,TS450,4,0.3420
T1214TS450_2,TS450,2,0.3303
T1214TS167_4,TS167,4,0.3303
